{
  "session_id": "TbZnFxcGKmDxL385IdTN",
  "file_list": [
    {
      "is_updated": false,
      "is_summary_updated": false,
      "summary": "",
      "drive_url": "https://docs.google.com/presentation/d/1-3AsMOdSZkxXusevmeEUlGbR0xjjizKN5qBZr88X324/edit#slide=id.g34b9ca4a52a_0_22",
      "file_url": "gs://conference-cms-content/uploads/db8dcd09-5e84-4be2-98d3-f8e611179a0d.pptx",
      "meta_data": {
        "demoType": "Single Screen Demo",
        "durationMinutes": 30,
        "presentationSlidesUrl": "https://docs.google.com/presentation/d/1-3AsMOdSZkxXusevmeEUlGbR0xjjizKN5qBZr88X324/edit#slide=id.g34b9ca4a52a_0_22",
        "sessionDate": "2025-05-10",
        "status": "Published",
        "areasOfInterest": [
          "Government",
          "Finance",
          "Small Business"
        ],
        "industry": "Public Sector",
        "sessionType": "Presentation",
        "learningLevel": "Beginner",
        "abstract": "This presentation explains various support schemes available for MSMEs",
        "recapSlidesUrl": "https://docs.google.com/presentation/d/1OwgWMpG0UN4OJ8T8gwoBi3ZGn67138GmxE6rzBqYbOE/edit#slide=id.g34b9ca4a52a_0_22",
        "title": "MSME Scheme Navigator",
        "topics": [
          "Government Schemes",
          "Financial Support",
          "MSME Policy"
        ],
        "track": "Government & Policy",
        "sessionRecordingStatus": "Available",
        "videoYoutubeUrl": "https://www.youtube.com/watch?v=GwQVFviyjUk",
        "jobRoles": [
          "Program Director",
          "Policy Maker",
          "MSME Owner"
        ],
        "fileType": "application/vnd.openxmlformats-officedocument.presentationml.presentation",
        "fileName": "MSME Scheme Navigator (MSME-SN)",
        "fileSize": 1131447,
        "tags": [
          "msme",
          "schemes",
          "government",
          "support"
        ]
      }
    },
    {
      "is_updated": false,
      "is_summary_updated": false,
      "summary": "",
      "drive_url": "https://docs.google.com/presentation/d/1OwgWMpG0UN4OJ8T8gwoBi3ZGn67138GmxE6rzBqYbOE/edit#slide=id.g34b9ca4a52a_0_22",
      "file_url": "gs://conference-cms-content/uploads/82175a14-9e79-4fde-9438-c023078bdf68.pptx",
      "meta_data": {
        "demoType": "Single Screen Demo",
        "durationMinutes": 30,
        "presentationSlidesUrl": "https://docs.google.com/presentation/d/1-3AsMOdSZkxXusevmeEUlGbR0xjjizKN5qBZr88X324/edit#slide=id.g34b9ca4a52a_0_22",
        "sessionDate": "2025-05-10",
        "status": "Published",
        "areasOfInterest": [
          "Government",
          "Finance",
          "Small Business"
        ],
        "industry": "Public Sector",
        "sessionType": "Presentation",
        "learningLevel": "Beginner",
        "abstract": "This presentation explains various support schemes available for MSMEs",
        "recapSlidesUrl": "https://docs.google.com/presentation/d/1OwgWMpG0UN4OJ8T8gwoBi3ZGn67138GmxE6rzBqYbOE/edit#slide=id.g34b9ca4a52a_0_22",
        "title": "MSME Scheme Navigator",
        "topics": [
          "Government Schemes",
          "Financial Support",
          "MSME Policy"
        ],
        "track": "Government & Policy",
        "sessionRecordingStatus": "Available",
        "videoYoutubeUrl": "https://www.youtube.com/watch?v=GwQVFviyjUk",
        "jobRoles": [
          "Program Director",
          "Policy Maker",
          "MSME Owner"
        ],
        "fileType": "application/vnd.openxmlformats-officedocument.presentationml.presentation",
        "fileName": "NEW test",
        "fileSize": 1131447,
        "tags": [
          "msme",
          "schemes",
          "government",
          "support"
        ]
      }
    },
    {
      "is_updated": false,
      "is_summary_updated": false,
      "summary": "",
      "drive_url": "https://www.youtube.com/watch?v=GwQVFviyjUk",
      "file_url": "https://www.youtube.com/watch?v=GwQVFviyjUk",
      "meta_data": {
        "demoType": "Single Screen Demo",
        "durationMinutes": 30,
        "presentationSlidesUrl": "https://docs.google.com/presentation/d/1-3AsMOdSZkxXusevmeEUlGbR0xjjizKN5qBZr88X324/edit#slide=id.g34b9ca4a52a_0_22",
        "sessionDate": "2025-05-10",
        "status": "Published",
        "areasOfInterest": [
          "Government",
          "Finance",
          "Small Business"
        ],
        "industry": "Public Sector",
        "sessionType": "Presentation",
        "learningLevel": "Beginner",
        "abstract": "This presentation explains various support schemes available for MSMEs",
        "recapSlidesUrl": "https://docs.google.com/presentation/d/1OwgWMpG0UN4OJ8T8gwoBi3ZGn67138GmxE6rzBqYbOE/edit#slide=id.g34b9ca4a52a_0_22",
        "title": "MSME Scheme Navigator",
        "topics": [
          "Government Schemes",
          "Financial Support",
          "MSME Policy"
        ],
        "track": "Government & Policy",
        "sessionRecordingStatus": "Available",
        "videoYoutubeUrl": "https://www.youtube.com/watch?v=GwQVFviyjUk",
        "jobRoles": [
          "Program Director",
          "Policy Maker",
          "MSME Owner"
        ],
        "fileName": "YouTube Video",
        "tags": [
          "msme",
          "schemes",
          "government",
          "support"
        ]
      }
    }
  ]
}