{
  "session_id": "zZyI3DsH4XPS2909I7aq",
  "file_list": [
    {
      "is_updated": false,
      "is_summary_updated": false,
      "summary": "",
      "drive_url": "https://docs.google.com/presentation/d/1OwgWMpG0UN4OJ8T8gwoBi3ZGn67138GmxE6rzBqYbOE/edit#slide=id.g34b9ca4a52a_0_22",
      "file_url": "gs://conference-cms-content/uploads/1197c648-c3c1-4b80-8936-88b31310b3e8.pptx",
      "meta_data": {
        "demoType": "Workshop",
        "durationMinutes": 60,
        "presentationSlidesUrl": "https://docs.google.com/presentation/d/1OwgWMpG0UN4OJ8T8gwoBi3ZGn67138GmxE6rzBqYbOE/edit#slide=id.g34b9ca4a52a_0_22",
        "sessionDate": "2025-05-20",
        "status": "Published",
        "areasOfInterest": [
          "Retail",
          "E-commerce",
          "Marketing"
        ],
        "industry": "Retail",
        "sessionType": "Workshop",
        "learningLevel": "Beginner",
        "abstract": "Learn how to establish and grow your online store from scratch",
        "recapSlidesUrl": "https://docs.google.com/presentation/d/1OwgWMpG0UN4OJ8T8gwoBi3ZGn67138GmxE6rzBqYbOE/edit#slide=id.g34b9ca4a52a_0_22",
        "title": "E-commerce Essentials",
        "topics": [
          "E-commerce",
          "Online Shopping",
          "Payment Processing"
        ],
        "track": "E-commerce",
        "sessionRecordingStatus": "Available",
        "videoYoutubeUrl": "https://www.youtube.com/watch?v=GwQVFviyjUk",
        "jobRoles": [
          "E-commerce Manager",
          "Business Owner",
          "Marketing Manager"
        ],
        "fileType": "application/vnd.openxmlformats-officedocument.presentationml.presentation",
        "fileName": "NEW test",
        "fileSize": 1131447,
        "tags": [
          "ecommerce",
          "online",
          "retail",
          "msme"
        ]
      }
    },
    {
      "is_updated": false,
      "is_summary_updated": false,
      "summary": "",
      "drive_url": "https://docs.google.com/presentation/d/1OwgWMpG0UN4OJ8T8gwoBi3ZGn67138GmxE6rzBqYbOE/edit#slide=id.g34b9ca4a52a_0_22",
      "file_url": "gs://conference-cms-content/uploads/406b1c00-6e65-418e-b54e-b5020500bf44.pptx",
      "meta_data": {
        "demoType": "Workshop",
        "durationMinutes": 60,
        "presentationSlidesUrl": "https://docs.google.com/presentation/d/1OwgWMpG0UN4OJ8T8gwoBi3ZGn67138GmxE6rzBqYbOE/edit#slide=id.g34b9ca4a52a_0_22",
        "sessionDate": "2025-05-20",
        "status": "Published",
        "areasOfInterest": [
          "Retail",
          "E-commerce",
          "Marketing"
        ],
        "industry": "Retail",
        "sessionType": "Workshop",
        "learningLevel": "Beginner",
        "abstract": "Learn how to establish and grow your online store from scratch",
        "recapSlidesUrl": "https://docs.google.com/presentation/d/1OwgWMpG0UN4OJ8T8gwoBi3ZGn67138GmxE6rzBqYbOE/edit#slide=id.g34b9ca4a52a_0_22",
        "title": "E-commerce Essentials",
        "topics": [
          "E-commerce",
          "Online Shopping",
          "Payment Processing"
        ],
        "track": "E-commerce",
        "sessionRecordingStatus": "Available",
        "videoYoutubeUrl": "https://www.youtube.com/watch?v=GwQVFviyjUk",
        "jobRoles": [
          "E-commerce Manager",
          "Business Owner",
          "Marketing Manager"
        ],
        "fileType": "application/vnd.openxmlformats-officedocument.presentationml.presentation",
        "fileName": "NEW test",
        "fileSize": 1131447,
        "tags": [
          "ecommerce",
          "online",
          "retail",
          "msme"
        ]
      }
    },
    {
      "is_updated": false,
      "is_summary_updated": false,
      "summary": "",
      "drive_url": "https://www.youtube.com/watch?v=GwQVFviyjUk",
      "file_url": "https://www.youtube.com/watch?v=GwQVFviyjUk",
      "meta_data": {
        "demoType": "Workshop",
        "durationMinutes": 60,
        "presentationSlidesUrl": "https://docs.google.com/presentation/d/1OwgWMpG0UN4OJ8T8gwoBi3ZGn67138GmxE6rzBqYbOE/edit#slide=id.g34b9ca4a52a_0_22",
        "sessionDate": "2025-05-20",
        "status": "Published",
        "areasOfInterest": [
          "Retail",
          "E-commerce",
          "Marketing"
        ],
        "industry": "Retail",
        "sessionType": "Workshop",
        "learningLevel": "Beginner",
        "abstract": "Learn how to establish and grow your online store from scratch",
        "recapSlidesUrl": "https://docs.google.com/presentation/d/1OwgWMpG0UN4OJ8T8gwoBi3ZGn67138GmxE6rzBqYbOE/edit#slide=id.g34b9ca4a52a_0_22",
        "title": "E-commerce Essentials",
        "topics": [
          "E-commerce",
          "Online Shopping",
          "Payment Processing"
        ],
        "track": "E-commerce",
        "sessionRecordingStatus": "Available",
        "videoYoutubeUrl": "https://www.youtube.com/watch?v=GwQVFviyjUk",
        "jobRoles": [
          "E-commerce Manager",
          "Business Owner",
          "Marketing Manager"
        ],
        "fileName": "YouTube Video",
        "tags": [
          "ecommerce",
          "online",
          "retail",
          "msme"
        ]
      }
    }
  ]
}