[
  {
    "id": "f1",
    "title": "Google Cloud Next Keynote",
    "description": "Join us for the opening keynote to hear about the latest innovations in cloud technology",
    "abstract": "Discover the future of cloud computing with our exciting keynote presentation featuring industry leaders and cutting-edge announcements.",
    "track": "Keynote",
    "tags": ["Cloud", "Innovation", "Keynote"],
    "sessionType": "keynote",
    "sessionDate": "2023-08-15T09:00:00Z",
    "thumbnail": "assets/content-thumbnails/default-thumbnail.jpg",
    "learningLevel": "all",
    "status": "published",
    "dateCreated": "2023-06-01T14:30:00Z",
    "dateModified": "2023-06-15T10:15:00Z",
    "priority": true,
    "presenters": [
      {
        "id": "p1",
        "name": "Sundar Pichai",
        "company": "Google",
        "title": "CEO",
        "photoUrl": "assets/avatars/default-avatar.jpg"
      }
    ],
    "assets": [
      {
        "type": "Slide",
        "name": "Keynote Presentation",
        "url": "#"
      },
      {
        "type": "YouTube",
        "name": "Keynote Recording",
        "url": "#"
      }
    ]
  },
  {
    "id": "f2",
    "title": "AI Summit",
    "description": "Explore the latest in artificial intelligence and machine learning with hands-on workshops and expert speakers",
    "abstract": "Join AI experts for an immersive experience covering the latest advancements in machine learning, generative AI, and practical applications for businesses.",
    "track": "AI & Machine Learning",
    "tags": ["AI", "ML", "Workshops"],
    "sessionType": "workshop",
    "sessionDate": "2023-08-16T10:30:00Z",
    "thumbnail": "assets/content-thumbnails/default-thumbnail.jpg",
    "learningLevel": "intermediate",
    "status": "approved",
    "dateCreated": "2023-05-20T09:45:00Z",
    "dateModified": "2023-06-10T16:20:00Z",
    "recommended": true,
    "presenters": [
      {
        "id": "p2",
        "name": "Sarah Chen",
        "company": "Google",
        "title": "AI/ML Product Lead",
        "photoUrl": "assets/avatars/default-avatar.jpg"
      },
      {
        "id": "p3",
        "name": "Michael Johnson",
        "company": "Google",
        "title": "Senior Engineer",
        "photoUrl": "assets/avatars/default-avatar.jpg"
      }
    ],
    "assets": [
      {
        "type": "Slide",
        "name": "Workshop Slides",
        "url": "#"
      },
      {
        "type": "PDF",
        "name": "Workshop Materials",
        "url": "#"
      }
    ]
  },
  {
    "id": "f4",
    "title": "Cloud Security Summit",
    "description": "Deep-dive into the latest security features and best practices for protecting your cloud environment",
    "abstract": "Learn how to protect your infrastructure and data with the latest cloud security best practices, tools, and strategies.",
    "track": "Security",
    "tags": ["Security", "Best Practices", "Cloud"],
    "sessionType": "breakout",
    "sessionDate": "2023-08-18T09:30:00Z",
    "thumbnail": "assets/content-thumbnails/default-thumbnail.jpg",
    "learningLevel": "intermediate",
    "status": "published",
    "dateCreated": "2023-05-10T10:15:00Z",
    "dateModified": "2023-06-05T11:30:00Z",
    "priority": true,
    "presenters": [
      {
        "id": "p5",
        "name": "Jennifer Lopez",
        "company": "Google",
        "title": "Security Specialist",
        "photoUrl": "assets/avatars/default-avatar.jpg"
      },
      {
        "id": "p6",
        "name": "Mark Davis",
        "company": "Google",
        "title": "Solutions Architect",
        "photoUrl": "assets/avatars/default-avatar.jpg"
      }
    ],
    "assets": [
      {
        "type": "Slide",
        "name": "Security Presentation",
        "url": "#"
      },
      {
        "type": "PDF",
        "name": "Security Whitepaper",
        "url": "#"
      }
    ]
  },
  {
    "id": "f5",
    "title": "Data & Analytics",
    "description": "Learn how to leverage BigQuery, Looker, and other Google Cloud data tools to drive insights",
    "abstract": "Discover how to transform your data into actionable insights using Google Cloud's powerful data analytics tools and platforms.",
    "track": "Data & Analytics",
    "tags": ["BigQuery", "Looker", "Analytics"],
    "sessionType": "demo",
    "sessionDate": "2023-08-19T15:00:00Z",
    "thumbnail": "assets/content-thumbnails/default-thumbnail.jpg",
    "learningLevel": "beginner",
    "status": "approved",
    "dateCreated": "2023-05-05T08:30:00Z",
    "dateModified": "2023-06-01T09:45:00Z",
    "recommended": true,
    "presenters": [
      {
        "id": "p7",
        "name": "Robert Chen",
        "company": "Google",
        "title": "BigQuery Specialist",
        "photoUrl": "assets/avatars/default-avatar.jpg"
      }
    ],
    "assets": [
      {
        "type": "Demo",
        "name": "Live Demo",
        "url": "#"
      },
      {
        "type": "Slide",
        "name": "Demo Slides",
        "url": "#"
      }
    ]
  }
]
